f1,f2,target
1.764052345967664,1.5559626797097978,1
0.4001572083672233,1.8924738873315303,1
0.9787379841057392,0.5776851758747292,1
2.240893199201458,1.1047140294332842,1
1.8675579901499675,1.2280533251240673,1
-0.977277879876411,1.2014799467044328,1
0.9500884175255894,1.54077358530039,1
-0.1513572082976979,-0.8180776303835695,0
-0.10321885179355784,0.9506759298524274,1
0.41059850193837233,1.2390336012467649,1
0.144043571160878,-0.00033034895370542827,1
1.454273506962975,2.67398570701071,1
0.7610377251469934,1.161559267238168,1
0.12167501649282841,2.5634047450289295,1
0.44386323274542566,0.2094769781669228,1
0.33367432737426683,0.09269987847467298,1
1.4940790731576061,1.2242522209656819,1
-0.20515826376580087,-0.6786883628286566,0
0.31306770165090136,1.2149655906260934,1
-0.8540957393017248,1.097219232002918,1
-2.5529898158340787,2.015665281542101,0
0.6536185954403606,1.701041341165097,1
0.8644361988595057,0.5825226501149661,1
-0.7421650204064419,-0.09749665477024472,0
2.2697546239876076,2.7123052213432963,1
-1.4543656745987648,0.20788497943484996,0
0.04575851730144607,-0.04552455706946579,1
-0.1871838500258336,-0.08485605946144514,0
1.5327792143584575,2.1173053155366643,1
1.469358769900285,0.4810997955751479,1
0.1549474256969163,0.24629553381939917,1
0.37816251960217356,1.1376898259033474,1
-0.8877857476301128,0.793055289442709,0
-1.980796468223927,0.32190453921375306,0
-0.3479121493261526,1.7539914669784795,1
0.15634896910398005,2.065315492097995,1
1.2302906807277207,1.985317508939867,1
1.2023798487844113,1.766919669661199,1
-0.3873268174079523,1.402625531130035,1
-0.30230275057533557,-0.7758879999618289,0
-1.0485529650670926,2.6692508063769687,1
-1.4200179371789752,1.301989210357553,0
-1.7062701906250126,1.6081564276006415,0
1.9507753952317897,2.1149623229474024,1
-0.5096521817516535,2.433352502881992,1
-0.4380743016111864,1.4183980113091925,1
-1.2527953600499262,1.4355461592956535,1
0.7774903558319101,0.4007757225402806,1
-1.6138978475579515,1.0330897511387602,0
-0.2127402802139687,0.1458387391856455,0
-0.8954665611936756,0.2800594678581053,0
0.386902497859262,0.10642559768580873,1
-0.510805137568873,0.8439761090027127,1
-1.180632184122412,2.0490931879200103,1
-0.028182228338654868,4.17097477329018,1
0.42833187053041766,1.1894996375479134,1
0.06651722238316789,-0.34841308775612,0
0.3024718977397814,2.264983329856256,1
-0.6343220936809636,0.6992161235239729,1
-0.3627411659871381,0.339391406023008,0
-0.672460447775951,1.2098494779230553,1
-0.3595531615405413,-0.2406245995562275,0
-0.813146282044454,1.2224631640086068,1
-1.7262826023316769,0.911624476800845,0
0.17742614225375283,1.0983779068154758,1
-0.4017809362082619,1.3814162542091708,1
-1.6301983469660446,1.0674922572408068,0
0.4627822555257742,1.0163380841128924,1
-0.9072983643832422,1.2843145189979446,1
0.05194539579613895,1.415400626171127,1
0.7290905621775369,-0.0314824603152577,1
0.12898291075741067,-0.4299912586854484,0
1.1394006845433007,0.9383619478277853,1
-1.2348258203536526,-0.43273548993410804,0
0.402341641177549,1.0875314709216708,1
-0.6848100909403132,1.93874687568231,1
-0.8707971491818818,1.6071116719160459,1
-0.5788496647644155,-0.04817040682547313,0
-0.31155253212737266,0.13973754804248117,0
0.05616534222974544,1.3283012950007553,1
-1.1651498407833565,0.5987021948664899,0
0.9008264869541871,0.6833447049478931,1
0.46566243973045984,1.5969064812479539,1
-1.5362436862772237,0.012713306542347591,0
1.4882521937955997,0.5987652900888176,1
1.8958891760305832,0.19991752391539874,1
1.1787795711596507,-0.043129498035355596,1
-0.17992483581235091,0.1429218113288353,0
-1.0707526215105425,1.6774621693464118,1
1.0544517269311366,1.0518203894824216,1
-0.40317694697317963,0.12083937116492516,0
1.2224450703824274,0.7688983924070034,1
0.2082749780768603,-0.6388073071221778,0
0.9766390364837128,0.2666871924163343,1
0.3563663971744019,3.149574534867287,1
0.7065731681919482,0.9097561503342494,1
0.010500020720820478,1.7316589270303924,1
1.7858704939058352,0.934511624855517,1
0.12691209270361992,1.3481692352418087,1
0.40198936344470165,1.663258089679174,1
1.8831506970562544,-0.10461659752647079,1
-1.3477590611424464,0.969063742726041,0
-1.2704849984857336,2.578865194416488,1
0.9693967081580112,0.204499449946709,1
-1.17312340511416,0.4335601462677807,0
1.9436211856492926,0.6923087226329983,1
-0.41361898075974735,1.2690240731762468,1
-0.7474548114407578,1.5249178636458827,1
1.9229420264803847,2.2674116548186567,1
1.4805147914344243,1.4994982334686595,1
1.8675589604265699,0.937946874201666,1
0.9060446582753853,2.259167129610814,1
-0.8612256850547025,1.704111022141582,1
1.9100649530990337,-0.49567951625701623,1
-0.2680033709513804,3.5263682403559984,1
0.8024563957963952,2.7699213881967335,1
0.947251967773748,0.8317857772329259,1
-0.1550100930908342,1.377910101738475,1
0.6140793703460803,2.324358749995839,1
0.9222066715665268,0.8277992073031174,1
0.37642553115562943,1.7303517903770194,1
-1.0994007905841945,2.1045784735714763,1
0.298238174206056,-0.014825907734441035,1
1.3263858966870303,0.3976681464171379,1
-0.6945678597313655,1.9214083978105814,1
-0.14963454032767076,1.4608144771488305,1
-0.43515355172163744,1.9237965603139469,1
1.8492637284793418,0.867431985346282,1
0.6722947570124355,0.7109947890457671,1
0.40746183624111043,-0.9986394755833727,0
-0.7699160744453164,-0.14600042650744327,0
0.5392491912918173,1.0470660946584938,1
-0.6743326606573761,1.8245572195642366,1
0.03183055827435118,1.5311783665356953,1
-0.635846078378881,0.871758025972298,1
0.6764332949464997,0.7282284335093033,1
0.5765908166149409,1.2171796326382802,1
-0.20829875557799488,1.0782111810921522,1
0.3960067126616453,2.404545514939712,1
-1.0930615087305058,1.1464407704782498,1
-1.4912575927056055,-0.4812459621972984,0
0.4393917012645369,-0.27255813503231696,1
0.16667349537252904,2.51875933696358,1
0.6350314368921064,-0.17116046145008035,1
2.383144774863942,1.7644974530335336,1
0.9444794869904138,0.7316272647906188,1
-0.9128222254441586,0.8302417060975145,0
1.117016288095853,0.8658672172315799,1
-1.3159074105115212,2.2213849594591983,1
-0.461584604814709,0.8071581714560353,1
-0.06824160532463124,0.966680717154847,1
1.7133427216493666,-0.5308034973994926,1
-0.7447548220484399,1.2066905117080033,1
-0.8264385386590144,1.5310425069780598,1
-0.0984525244254323,1.239145580653787,1
-0.6634782863621074,2.3978962610867356,1
1.126635922106507,1.0551713547802317,1
-1.0799315083634233,1.2989774561190175,1
-1.1474686524111024,2.648504010268179,1
-0.43782004474443403,-0.5500141893581478,0
-0.4980324506923049,0.5441746522006312,1
1.9295320538169858,2.4261587520192665,1
0.9494208069257608,1.9361291483110823,1
0.0875512413851909,1.6783800988404702,1
-1.225435518830168,1.8326507394644782,1
0.8443629764015471,1.3270662091210221,1
-1.0002153473895647,2.6315974275322715,1
-1.5447710967776116,1.3777591697307179,0
1.1880297923523018,1.2398671058952786,1
0.3169426119248496,1.1589586741256432,1
0.920858823780819,1.192863955550386,1
0.3187276529430212,-0.15701728081586785,1
0.8568306119026912,1.7706730544633433,1
-0.6510255933001469,0.8695602662166727,1
-1.0342428417844647,2.8219150978604057,1
0.681594518281627,0.9243495294115771,1
-0.8034096641738411,1.4209182841756567,1
-0.6895497777502005,1.2466021862613343,1
-0.45553250351734315,0.3744429648907467,0
0.01747915902505673,1.9921368285185057,1
-0.35399391125348395,2.9050636405600176,1
-1.3749512934180188,0.9852227803401552,0
-0.6436184028328905,0.6995212144145777,1
-2.2234031522244266,0.6449712689446259,0
0.6252314510271875,-0.8923618933173414,0
-1.6020576556067476,0.8221868562969874,0
-1.1043833394284506,1.250998116008324,1
0.052165079260974405,2.054757925180283,1
-0.7395629963913133,1.960047741149928,1
1.5430145954067358,0.5835009175633075,1
-1.2928569097234486,0.7231770052261117,0
0.26705086934918293,2.1239053056144392,1
-0.0392828182274956,0.8265361029271209,1
-1.1680934977411974,0.48997046024438307,0
0.5232766605317537,2.3925184494342724,1
-0.1715463312222481,2.0375856670506343,1
0.7717905512136674,1.0187917917742577,1
0.8235041539637314,0.4062225522213325,1
2.16323594928069,-1.011880319244709,1
1.336527949436392,1.5897036055747238,1
-0.3691818379424436,0.10363027744781983,0
-0.2393791775759264,-0.9627320091407521,0
1.0996595958871132,2.584820527349018,1
0.6552637307225978,1.6479677910098882,1
0.640131526097592,-0.13900819311696533,1
-1.6169560443108344,-0.21440138295925903,0
-0.024326124398935636,1.8709617821716196,1
-0.7380309092056887,0.12202938346412984,0
0.27992459904323824,2.296149867527883,1
-0.09815038964295794,1.6164593126261553,1
0.9101789080925919,1.5365965205668235,1
0.31721821519130206,1.4046954556143003,1
0.7863279621089762,1.1914508720239119,1
-0.46641909673594306,1.8805111991771106,1
-0.9444462559182504,0.5459196374843949,0
-0.41004969320254847,1.0859519734343848,1
-0.017020413861440594,1.7519465876771956,1
0.3791517355550818,1.562989718586128,1
2.259308950690852,-0.1949868052686603,1
-0.04225715166064269,0.49959033269573605,1
-0.955945000492777,1.2528035054191546,1
-0.34598177569938643,0.5919852909601031,1
-0.4635959746460942,2.774658560973333,1
0.4814814737734622,0.6068468052458871,1
-1.5407970144446248,0.8377815524233092,0
0.06326199420033171,1.7694301781773039,1
0.1565065379653756,1.3305327432349157,1
0.23218103620027578,0.8547255427952307,1
-0.5973160689653627,0.24350647111925172,0
-0.237921729736007,1.301514057396766,1
-1.4240609089825316,2.0390964403783927,1
-0.49331988336219407,1.4790952240982285,1
-0.5428614760167177,0.22181647854387776,0
0.4160500462614255,2.736774956976711,1
-1.1561824318219127,-0.4465778900358943,0
0.7811981017099934,-0.582685641802789,1
1.4944845444913688,1.9605572244572285,1
-2.0699850250135325,1.2258404786026902,0
0.42625873077810095,0.45050145369595973,1
0.6769080350302455,-0.09857072755532958,1
-0.637437025552229,3.320799839280298,1
-0.39727181432879766,1.117090872155442,1
-0.13288057758695562,1.5342011708457715,1
-0.2977908794017283,1.3178850972381815,1
-0.3090129690471222,1.4348079577311579,1
-1.6760038063299767,1.540094460524806,0
1.15233156478312,1.7324240097548762,1
1.079618592036821,0.6247775992393273,1
-0.8133642592042029,0.7083580136481554,0
-1.466424327802514,-0.7410228083589014,0
0.5210648764527586,0.21969559349846057,1
-0.5757879698130661,1.2711127964467148,1
0.14195316332077967,2.0450233755026908,1
-0.3193284171450952,1.599039526376184,1
0.6915387510701866,0.6593076561220695,1
0.6947491436560059,-0.26317291208515425,1
-0.7255973784635843,-1.7773591454274333,0
-1.3833639553950554,2.1517339747807993,1
-1.582938397335082,0.41077101348985023,0
0.6103793791072052,0.5515349937959407,1
-1.188859257784029,1.1315739679080687,0
-0.5068163542986875,-0.4055600473918899,0
-0.5963140384505081,0.6502178198884632,1
-0.05256729626954629,3.023471949769974,1
-1.936279805846507,1.5053869385773426,0
0.18877859679382855,1.3592491565134563,1
0.5238910238342056,-0.5824944779817585,0
0.08842208704466141,3.2436018945826404,1
-0.3108861716984717,-0.4227949086263427,0
0.09740016626878341,2.9223247554443983,1
0.3990463456401302,-1.1150560151878075,0
-2.77259275642665,2.40536543872442,0
1.9559123082506942,2.6180542690002255,1
0.39009332268792646,0.17559087867216538,1
-0.65240858238702,1.4225803722728827,1
-0.3909533751876011,1.5474805721046652,1
0.49374177734918845,0.18620551676869412,1
-0.11610393903436653,-0.44911761073693035,0
-2.0306844677814944,-0.3177173431407654,0
2.0644928613593194,1.5410082199598076,1
-0.11054065723247261,0.9148843974805942,1
1.0201727117157997,0.4356989666978396,1
-0.6920498477843912,1.9667680111664603,1
1.5363770542457977,1.5080679093914777,1
0.28634368889227957,0.24453727363436661,1
0.6088438344754508,-0.20120151901738925,1
-1.0452533661469547,1.523261738688077,1
1.2111452896827009,0.4624166314419381,1
0.6898181645347884,1.0992048625315025,1
1.3018462295649984,2.5762989726277175,1
-0.6280875596415789,1.5023282400747795,1
-0.4810271184607877,0.13773300024676327,0
2.303916697683942,1.1606611898197727,1
-1.0600158227215473,0.04735504718461225,0
-0.13594970067832082,2.608522155948724,1
1.1368913626026953,0.43842125039677915,1
0.0977249677148556,1.2072707469736186,1
0.5829536797532936,1.307732574679432,1
-0.3994490292628752,1.1592504683737024,1
0.37005588784751875,-0.9585489551365387,0
-1.3065268517353166,-0.4464210639833286,0
1.658130679618188,0.5476497244309083,1
-0.11816404512856976,1.3194318333315307,1
-0.6801782039968504,0.8622207857142293,1
0.6663830820319143,0.04285252684898322,1
-0.4607197873885533,-0.3484243191217009,0
-1.3342584714027534,0.5984424555006564,0
-1.3467175057975553,0.5315239553202769,0
0.6937731526901325,1.5128364575927566,1
-0.1595734381462669,0.6736815378416818,1
-0.13370155966843916,1.6027076564293297,1
1.0777438059762627,0.4053502302795946,1
-1.1268258087567435,0.7440423307857317,0
-0.7306777528648248,0.6519536203573806,0
-0.38487980918127546,0.21763303309791027,0
0.094351589317074,1.62511865643373,1
-0.042171451290578935,0.18640400290549297,1
-0.2868871923899076,0.478358490029381,1
-0.0616264020956474,0.9268803540518028,1
-0.10730527629117469,-0.2973796559567399,0
-0.7196043885517929,0.6750650416795009,0
-0.8129929885540773,0.28869364025721145,0
0.2745163577239395,0.6118458075177504,1
-0.8909150829955279,0.9400719973289093,1
-1.1573552591908536,0.20008637685933528,0
-0.3122922511256933,0.7799242201796444,1
-0.1576670161638159,2.308668752352179,1
2.2567234972982093,0.9742014417455129,1
-0.7047002758562337,2.1452621730192245,1
0.9432607249694948,1.3464944420067608,1
0.7471883342046318,1.7741606098188165,1
-1.188944955203736,0.22554103122917413,0
0.7732529774025997,1.1049071650855127,1
-1.1838806401933177,1.1339129226154758,0
-2.659172237996741,0.38737426112506435,0
0.6063195243593807,0.17717167570571823,1
-1.7558905834377194,-0.49026538790729823,0
0.45093446180591484,2.496139636951632,1
-0.6840108977372166,0.027597110647502365,0
1.6595507961898721,2.3462210732223,1
1.068509399316009,0.5325068263421465,1
-0.45338580385138766,0.13750670027526612,0
-0.6878376110286823,1.6225191403049977,1
-1.2140774030941206,0.3688080582531429,0
-0.4409226322925914,1.5684589189242768,1
-0.2803554951845091,0.6671882351477905,1
-0.3646935443916854,1.4804244961177868,1
0.15670385527236397,0.03181393609289507,1
0.5785214977288784,1.8313510579847683,1
0.349654456993174,1.4879726826630046,1
-0.764143923906443,0.08034930993733824,0
-1.4377914738015785,3.6429357210147417,1
1.3645318481024713,1.5401230264004941,1
-0.6894491845499376,3.2904670705305388,1
-0.6522935999350191,2.600267818748759,1
-0.5211893123011109,0.8111652197822162,1
-1.8430695501566485,0.5877282453954571,0
-0.4779740040404867,0.5965408165791988,1
-0.47965581400794766,-0.8300285504278102,0
0.6203582983435125,0.30416488065045266,1
0.698457149107336,1.2467660239799705,1
0.00377088908626934,2.5259575608848084,1
0.9318483741143037,0.2272281170217979,1
0.339964983801262,1.8820565993630107,1
-0.01568211160255477,-0.252593341503319,0
0.16092816829822298,0.41367997478886764,1
-0.19065349358139935,0.542359405710474,1
-0.3948495140334503,1.3718110814974935,1
-0.26773353689396645,1.4573096467208113,1
-1.1280113314700069,1.9623417448143452,1
0.280441705316296,1.7708369604049365,1
-0.9931236109295807,1.2431682154024917,1
0.8416312640736364,1.3903649435086223,1
-0.24945858016094885,2.5885306910975325,1
0.04949498165009074,0.4890738187677369,1
0.49383677628095635,1.774728319067162,1
0.6433144650629279,-0.8081439264982515,0
-1.5706234086334527,1.4113342428976086,0
-0.20690367616397173,0.5167504575208925,1
0.8801789120807822,1.00257118243151,1
-1.6981058194322545,2.040086245053703,1
0.3872804753950634,1.1646438095263976,1
-2.2555642294021894,1.8851875412089272,0
-1.0225068436356035,2.473764815138405,1
0.0386305518401881,1.3890939688657205,1
-1.6567151023219537,2.1710410646204883,1
-0.9855107376841507,0.6734390223207922,0
-1.4718350074635869,0.991790117730386,0
1.6481349322075596,0.477380583601522,1
0.16422775548733395,2.042977594646376,1
0.5672902778526694,1.414091353793595,1
-0.2226751005151545,0.4927655381050774,1
-0.35343174875719907,1.1546688336463322,1
-1.6164741886510325,2.0415683888185816,1
-0.2918373627478628,0.9607320089620468,1
-0.7614922118116233,0.05106718915023656,0
0.8579239242923363,1.1319117557874123,1
1.1411018666575734,-0.9805655910689397,1
1.4665787155741776,1.768770644399475,1
0.852551939461232,0.5786724126753195,1
-0.5986539369229861,0.5306892637208933,0
-1.1158969859603944,1.8756956787795067,1
0.7666631816450861,-0.3651628772251687,1
0.3562928174722889,2.947098642820358,1
-1.7685384506770307,0.5197579582617766,0
0.35548179274376907,0.4767490566151049,1
0.8145198224878664,2.021224743167163,1
0.05892558918162996,1.7086952731104266,1
-0.18505367100934153,3.451229719075076,1
-0.8076484876163557,0.78879401636848,0
-1.4465346995633879,0.8795933613355903,0
0.8002979493400275,-0.4793159799632536,1
-0.3091144447717088,0.6678977226511749,1
-0.23346666154369272,0.2785687044282442,1
1.7327211869191332,0.5512329868945008,1
0.6845011068591904,-0.7441877565539552,0
0.3708250012811021,2.660607559894514,1
0.14206180518723566,-0.4166034824256406,0
1.5199948607657727,-1.802202798391713,0
1.7195893074161945,-0.1884244215830193,1
0.9295051114795281,0.396160447203849,1
0.5822245913979243,-0.14955406325711817,1
-2.0946030712061448,2.0983035407325126,1
0.12372191423350658,0.8621608214039062,1
-0.130106954193704,1.025385604406459,1
0.09395322938556872,1.6103917643054126,1
0.9430460873225178,1.286012526978118,1
-2.7396771671895563,1.9785672974460429,0
-0.5693120534701851,-0.1094775536361452,0
0.26990435494076137,0.45248189932056826,1
-0.4668455460527625,1.6659671460695378,1
-1.4169061131262595,-1.53455446208423,0
0.8689634868967954,-0.37518447931724075,1
0.27687190584612803,1.5009922321799465,1
-0.9711045704444846,0.5197509650050746,0
0.3148172045158238,1.9361075501096976,1
0.8215857120497958,1.8091802968531627,1
0.005292646299360854,-0.1980928801910382,0
0.8005648034309968,1.4066570874668811,1
0.07826017516166135,2.2016978556675064,1
-0.39522898265435435,1.1474344016509719,1
-1.159420516399913,0.022535122754130832,0
-0.08593076697161273,1.8793899419133702,1
0.19429293804577166,1.6354245265539955,1
0.8758327615873309,1.5426107834987963,1
-0.11510746848722672,1.7159388934369917,1
0.4574156062209908,-1.994612860227619,0
-0.9646120137337284,1.8809375610809715,1
-0.7826291558275251,2.8081318105789754,1
-0.11038929902688775,1.436638474629293,1
-1.0546284639850139,1.1927289964997267,1
0.8202478373246812,1.6964386733914392,1
0.4631303293186071,1.3382254736851154,1
0.2790957643924534,1.651781261700616,1
0.33890412521594454,1.0014710002454108,1
2.0210435614847975,0.2332951454630997,1
-0.46886418796679563,-0.0043227122146134445,0
-2.201441285500558,0.0018082717681359162,0
0.1993001968964652,-0.3730425509508952,0
-0.050603540961665895,-0.06774201101910649,0
-0.5175190425104033,2.761266127419863,1
-0.9788298593587699,1.7540956636562428,1
-0.43918952180214793,0.3749726093153287,0
0.18133842921782128,0.609607306014492,1
-0.5028167006425383,1.1125575309064544,1
2.4124536795437486,0.3444549705156419,1
-0.960504381633148,1.0675168571743248,1
-0.7931173627076716,1.777604137902912,1
-2.2886200400145285,0.9642572664518265,0
0.251484415021537,1.336015742661992,1
-2.01640662779976,1.886491539359616,0
-0.5394546333745014,0.7278682439817918,1
-0.27567053456055696,1.284790599134363,1
-0.7097279658468882,0.6906224071166387,0
1.738872677454511,0.9714711301655836,1
0.9943943913154989,0.67526973491704,1
1.3191368763015756,0.47113014644388473,1
-0.8824188185499185,1.1737118529870234,1
1.1285940645145685,1.5665453158182125,1
0.4960009463439622,1.1463044460010443,1
0.7714059486768455,1.498726958311932,1
1.0294388287827672,0.26206821975877015,1
-0.9087632459590531,-0.20373519219977942,0
-0.4243176209779015,1.4170435029676036,1
0.8625960113284511,1.6878813911747546,1
-2.655619092974933,1.0498572665998227,0
1.5133280825732052,2.348035780424719,1
0.553132064207584,1.9076987979878988,1
-0.045703960660234855,3.6805708407690005,1
0.2205076557571733,0.7991914860043344,1
-1.0299352833089765,0.001151203904631859,0
-0.34994336458910474,0.25986320926048645,0
1.1002843382203737,0.4345021936253437,1
1.2980219723262212,1.4760313834381145,1
2.6962240525635797,-1.158068563961257,1
-0.07392466628041514,2.3185510180908366,1
-0.6585529668050037,0.7607034088576559,1
-0.5142339659399888,0.7532064422112482,1
-1.0180418752873648,-0.07934316602499525,0
-0.07785475594085076,0.8857744485498198,1
0.38273243001226814,1.0132397676675335,1
-0.03424228053195387,0.8780550723997227,1
1.0963468456657985,1.3390592559424304,1
-0.23421580134453654,0.4103679580489702,1
-0.3474506524985633,0.10418423958917289,0
-0.5812684768603252,1.54832813049798,1
-1.6326345262344952,1.0986674538157957,0
-1.567767724308454,1.1971810551973674,0
-1.1791579306376878,2.0590272544419665,1
1.3014280716647608,-0.022564391260685657,1
0.8952602728899299,0.14475954274913583,1
1.3749640663929898,2.2572196508289943,1
-1.3322116545945017,-0.48288335757404255,0
-1.9686246897860202,-0.3094121463310142,0
-0.6600563201340829,1.8178618311849957,1
0.175818953296028,1.2382001920220387,1
0.4986902749098275,1.105232137059276,1
1.0479721559680528,0.9083405918996168,1
0.2842796708072146,1.0312675470275694,1
1.7426687806556311,0.9078878853080441,1
-0.22260568094832048,2.3554427025944182,1
-0.9130792180417964,0.6018518712499249,0
-1.6812182154944335,0.8386264637222208,0
-0.8889713580954499,2.7944488052250733,1
0.242117960985123,1.0275097020298358,1
-0.8887202573536308,3.2320163895251777,1
0.9367424635352571,0.8950202989810464,1
1.412327706037443,2.3674149824601587,1
-2.369586905226603,-0.6553440383096778,0
0.8640523004976479,1.1536444608156664,1
-2.2396040586617367,-0.5844735631509355,0
0.4014990550902875,1.8444543066045864,1
1.2248705641936597,-0.21286781620902473,1
0.06485610634357618,1.2837695543833454,1
-1.2796891732042395,0.7178041233095649,0
-0.5854312042777726,-0.15820318518402887,0
-0.2616454457109007,-0.6193599828975425,0
-0.18224478378994294,0.4889595364198902,1
-0.20289684076666706,2.7406294458953306,1
-0.1098827793093138,0.7065149451106225,1
0.2134800489101689,1.917221542115856,1
-1.2085736537332212,0.9429571323378119,0
-0.2420198298702195,1.8767267736904523,1
1.5182611703557054,-0.8269113783045177,1
-0.38464542314251776,0.5968116931504667,1
-0.4438360931551978,1.9494055237932186,1
1.0781973037142378,0.8367450511668213,1
-2.5591846663440965,0.9135447172889528,0
1.1813786012882859,0.569538088114207,1
-0.6319037580051673,2.149379383367124,1
0.16392857245258663,1.2975143539549459,1
0.09632135592119682,1.044022276175348,1
0.9424681192203938,1.6430545453392926,1
-0.2675947462353477,1.5882249291179367,1
-0.6780257815644504,1.2125870464375366,1
1.2978457906510987,2.5470314969908445,1
-2.36417381714118,0.9397124663608809,0
0.02033418170524325,1.278081047967944,1
-1.3479254226291204,0.3570474466471095,0
-0.761573388256559,1.1501152270061292,1
2.011256681463137,2.5877615237453675,1
-0.044595426455857026,0.3567423982112612,1
0.19506969715138117,-0.13359282563845887,1
-1.7815628557055914,1.9967596428198156,1
-0.7290446587946957,0.8512338477663207,1
0.19655740072878491,1.09600420496977,1
0.3547576931132181,0.9548866963066652,1
0.6168865543932788,1.079121723929535,1
0.008627898917576322,1.8505306835234383,1
0.5270042084546597,0.16087580940072632,1
0.453781912635684,-0.011774084105488525,1
-1.8297404110045314,1.0849681370377078,0
0.03700572191014953,-0.6064396894498327,0
0.7679024077327037,-0.3730535360419285,1
0.5898798207345195,2.866683148331627,1
-0.3638588099707899,1.7574683300614038,1
-0.8056265075393678,0.9899435281309854,1
-1.1183119243216322,2.23800693595844,1
-0.13105401154141233,-0.04059923008514499,0
1.133079879559722,0.6843968766141417,1
-1.951804101481602,1.6234536094243825,0
-0.659891729729498,1.8906716814313946,1
-1.139802455426774,1.5129168468277765,1
0.7849575212405001,-1.5412388076882246,0
-0.5543096265713009,0.03191788233542203,0
-0.4706376581547914,1.4770680923568653,1
-0.216949569936649,0.6440485069531936,1
0.4453932508947973,3.5402316207591715,1
-0.39238899814963674,1.9265583009670966,1
-3.0461430547999266,1.5580818806186658,0
0.5433118913875197,-0.11694955374672356,1
0.43904295767204254,0.9647032603970844,1
-0.21954102833121325,1.2412039642189525,1
-1.0840366206719345,2.1277836301278024,1
0.3517801106813583,1.8811310970996322,1
0.37923553353558676,2.0329891945199456,1
-0.4700328827008748,0.07608798418999796,0
-0.21673147057553863,2.412151698298631,1
-0.9301565025243212,-0.3804307523072692,0
-0.17858909208732915,0.4640854383338382,1
-1.550429345083481,1.4307711349456413,0
0.4173188210318355,0.8501084082668606,1
-0.9443684908242939,-0.006036857920391547,0
0.23810314783231212,0.1784501743968674,1
-1.4059629162678993,-0.5482543228490424,0
-0.5900576458695397,1.5319746390071913,1
-0.11048940506592783,2.2605688450421493,1
-1.6606998118692633,0.899606496598634,0
0.11514787314009216,0.5996511849865767,1
-0.37914756287992274,-0.4723229284664896,0
-1.7423561978092306,1.9132019242521776,1
-1.3032427541123157,3.211304333239493,1
0.6051200840821667,-0.7974558043668976,0
0.895555985551324,-0.06343293815460682,1
-0.13190863977996706,0.3204069574558559,1
0.4047618120404975,0.43568209031751104,1
0.2238435633129107,1.227345950143481,1
0.32962298212773805,2.6142495472802274,1
1.285984007080293,2.0085972868601036,1
-1.506998398214272,1.527597382774316,1
0.6764607323616232,0.2760712959413979,1
-0.3820089555778202,-0.11962823368045439,0
-0.22425893425164034,0.2032246936936991,0
-0.30224973045507003,2.548066801378739,1
-0.37514711666128386,0.9382566985420989,1
-1.226196191783019,0.5531637463373789,0
0.18333919925760125,0.8162442697500077,1
1.6709430327888573,1.8246182196384677,1
-0.056133020448757114,-0.31284967454979173,0
-0.001385042735095726,2.4148741359224224,1
-0.6872990371566635,1.156476256946299,1
-0.11747454641811148,0.7836560217042738,1
0.46616642603403075,1.442846113746739,1
-0.3702424407043429,1.218397073129937,1
-0.45380404105200106,0.6558035435326188,1
0.4032645401632468,0.7472893279583933,1
-0.9180047698190454,0.1311374531340478,0
0.2524966270768724,1.6563907508593023,1
0.8203217972614217,0.4680061905888382,1
1.3599485416794843,0.04374157756771724,1
-0.09038200727694681,1.1658635226535372,1
1.3675972398067135,2.329141282745553,1
1.034409886481518,0.9516553762201804,1
-0.9962126403710662,0.39189874304831007,0
-1.217938511593151,1.4038960208359739,1
-0.30496363785442043,2.936712462402552,1
1.0289354925948542,-0.45190552943174733,1
-0.0722870075600049,1.3822027877852936,1
-0.6006575576577885,1.2050866252318537,1
1.5522431800485608,2.1615338035591174,1
0.2869044880033464,1.9909091736848452,1
-2.3205942757907416,0.8132908881902208,0
0.31716062629268876,-0.6845172554248828,0
0.5200406145708678,1.8065637678962596,1
0.2256086544711038,0.16480730980851688,1
0.44971210023199254,0.05325958904281047,1
-0.06727560892298173,2.148350580691126,1
-1.3183958696447342,0.08914962236134749,0
-0.37070400322045344,2.4028447401002433,1
-0.9456157955562914,1.335844721405313,1
-0.9327409107943778,1.3191184000862823,1
-1.2630683491022754,1.307264780505591,1
0.45248909263964643,-0.6384236257417921,0
0.0978961454126271,-0.7763886163465759,0
-0.44816536268070806,1.2155530537886847,1
-0.6493379277303881,1.56800735922642,1
-0.02342310502145217,1.082611032156201,1
1.0791947281124892,0.1784654829804725,1
-2.004215715498915,1.0189221038821947,0
0.37687652085089274,0.9179658468545159,1
-0.5457119740177824,0.04284190172458968,0
-1.8845858449794477,2.013972154112161,1
-1.9457030831639588,-0.7302760615500858,0
-0.9127834941352918,1.5887424068075064,1
0.21950955579304526,1.3843234052112452,1
0.3930629339800916,2.009711854811714,1
-0.9389815726777853,-0.0053118723488587705,0
1.0170209914132446,1.101407146668211,1
1.4229834965161061,3.171164949318166,1
0.3960865849565602,1.6620742889997064,1
-0.5914026678081108,1.1005812087289633,1
1.1244191845103682,1.5391612741141967,1
0.7553956956633383,1.08617684238012,1
0.867407411354918,3.19089801323984,1
-0.6564636749715315,1.9836361957891795,1
-2.8345545052747023,0.9143850457695029,0
2.1167910214836754,1.2523314313845213,1
-1.6108784034499337,0.6092020039189865,0
-0.03576807186022113,2.2098501264103048,1
2.3807453512197503,-0.40610477139101087,1
0.330576756274374,-0.6047385298609871,0
0.9492464735582357,2.458714749675994,1
-1.5023965693817127,3.1531197925705827,1
-1.7776669547337063,1.4683049076895918,0
-0.5327027919795545,1.1127379412357372,1
1.0907497344345,1.6572676903047774,1
-0.34624944764730997,0.35294647361724074,1
-0.7946363210714987,1.1712435451522125,1
0.19796728994496746,1.038908705856215,1
1.0819352184772653,1.6265642507453606,1
-1.4449401990733717,-0.5579985281833963,0
-1.2105429941233516,0.49296523023466254,0
-0.7886692545093662,1.8449956030008372,1
1.0946383747120914,0.32440617236993696,1
0.2348215259487319,0.0066386245768645935,1
2.1321534105704436,3.042072149826954,1
0.9364457258311158,1.0381180001794004,1
-0.03509517686967038,0.42108186005679216,1
1.265077838088766,-0.6923704374741084,1
0.21149701273187801,1.7293463462804262,1
-0.7049213525074449,1.6991361537186938,1
0.6799748442451024,0.701240399430064,1
-0.6963266538610828,-0.10223019090709062,0
-0.29039710080386677,0.975450576357621,1
1.327782695957983,0.16414393251837867,1
-0.10128148621739935,0.057906411126884105,0
-0.8031413873416283,0.8967872485382924,1
-0.46433769143549164,-0.05139039866006456,0
1.021790585588673,1.2466489552524462,1
-0.5525406734167292,1.6079925094063974,1
-0.38687084685064654,0.1603675528268086,0
-0.5102927396336285,-0.36824509533839067,0
0.18392549434030994,2.561279598955807,1
-0.3854897603756083,0.059729764042795175,0
-1.601836048972537,0.34005729489766234,0
-0.8871809418450403,1.2130171674298873,1
-0.9327890415064383,1.599369372522297,1
1.2433193844551549,0.7436831063103573,1
0.8126740421090424,1.4607943277012556,1
0.587259379399826,0.599013842103599,1
-0.5053583172644099,0.02882933517560926,0
-0.8157915419939713,2.4263168607870274,1
-0.507517601657357,3.488441614331128,1
-1.051880102551674,2.6959695330141695,1
2.497200391587007,1.1418066391534545,1
-2.245321648371402,2.8334353618156785,1
0.5640085350738091,1.3557035157239845,1
-1.2845522979925272,0.5227137295967706,0
-0.10434349149469264,1.4663795743819787,1
-0.9880019424937344,0.905607493588815,0
-1.1776289624826308,0.016881816254292303,0
-1.1401963009349616,0.10167802856798402,0
1.7549861537420586,1.802051738740516,1
-0.13298842230959199,-0.846531981664673,0
-0.7657021944780863,1.604136740442684,1
0.555786964082873,-0.6295836027484383,0
0.010349314566299353,-1.121176444902436,0
0.7200337593416528,-0.8388466037584985,0
-1.82425665593783,2.96676397193474,1
0.3036039044620014,0.8037660350564579,1
0.7726948371023817,1.086583180165419,1
-1.6615982911145637,2.419255045910951,1
0.44819528442331247,1.9341797484997247,1
1.6961815728281606,-0.3915052694042196,1
-0.014857703354702717,1.869006342818761,1
0.8214059370248112,1.1841812647035463,1
0.6705704503109099,0.6583219024041194,1
-0.7075056975105769,1.0242909141377803,1
0.03976673458649517,2.2798120206280217,1
-1.5669947108616025,0.11403351795904715,0
-0.4513030371025261,1.400885679104121,1
0.2656879749662359,0.9903427634670916,1
0.7231004937377982,-0.7971646153956184,0
0.024612125247911617,0.1977468282691892,1
0.7199837301431654,1.1932135532336965,1
-1.1029062129553697,2.297342089092891,1
-0.1016972745548716,2.00133101734673,1
0.019279384513077216,1.597212504403425,1
1.8495912466796365,0.18472433886354145,1
-0.21416665620008424,2.801213990808535,1
-0.4990166379941829,1.2152404676396116,1
0.02135122384354861,-0.006365521678550312,1
-0.9191134448699437,0.817095019143049,0
0.19275384906521617,1.8962484253561593,1
-0.36505521654625767,1.007617498318158,1
-1.7913275480411837,1.886864686582761,1
-0.05858655113386085,2.1036939574621503,1
-0.31754309393019925,1.4005306845987062,1
-1.6324233020679833,0.14229737695310596,0
-0.06713415461452177,1.1354546631899805,1
1.4893559620744803,1.045165855938831,1
0.5213037482757137,2.8593463338516285,1
0.6119271927311578,-0.6263219378268301,0
-1.3414967255830426,0.8651775489056459,0
0.4768983689222224,0.4159064532050807,1
0.14844958138007808,1.335105620195999,1
0.5290452383344316,-1.437564359199356,0
0.42262862170882565,2.11492455949028,1
-1.3597807255038137,1.0137484873355336,0
-0.04140081155796743,-0.8447011636280461,0
-0.757870860425166,0.6388868652601338,0
-0.05008409428482209,1.6089623416545242,1
-0.8974009269018305,-0.5914478754580315,0
1.3124703671409963,1.0032222164431557,1
-0.8589723884443423,-0.05747364780153008,0
-0.898942156465536,0.4440149681210327,0
0.07458640654355353,1.026738382674637,1
-1.0770990694039948,1.1834502535815763,1
-0.4246633024328657,0.5292575018172727,1
-0.8299645975379619,1.272796389530264,1
1.4111720638896117,1.8179776072548057,1
0.7858038268311726,0.7210857248967601,1
-0.057469518465394644,2.431567757449291,1
-0.39121705217401626,2.4622141707804195,1
0.9409176145751134,0.5712979344141711,1
0.40520408032288807,0.3621594435264157,1
0.4980524046828567,-0.6641729851661735,0
-0.026192237344250482,0.8734306683606101,1
-1.6882300277714322,0.6365622198839487,0
-0.11246598255955272,1.7790512201329916,1
-0.5324899192090677,-0.5096616060682988,0
0.6450552734598769,0.7226086082568901,1
1.011842432994189,1.9687443931111455,1
-0.6579510447611686,0.2696429044420401,0
0.46838523427705164,0.2376384632723907,1
1.7358789976857132,-0.4469403347558085,1
-0.667712720570559,3.6205738460182393,1
1.6819217400731377,0.2525268219346206,1
-0.852585847170647,-0.30034683221833913,0
0.022959755607951444,0.19614959596848003,1
-0.011145611841841251,0.2257049195131955,1
0.011498899870062375,0.7306102215487598,1
-0.8376780419079453,1.8253722320875148,1
-0.5911831037644297,0.7016768310041663,1
-0.6677202863593994,0.0771766850031721,0
0.3269625954044574,-0.4513384981910251,0
0.33003511451031164,1.0218573582198713,1
2.225944331738259,1.0425390740297906,1
1.3709890062911214,2.5309323510288246,1
-0.5098432421384791,1.0924477354698086,1
0.32486961579618606,0.9009916887159226,1
0.9971179807917595,-0.050653836587489565,1
0.030601824338517807,0.6940474249016081,1
-0.06964157844693558,0.561525541965394,1
0.05157494276988904,0.6298358354862974,1
0.8672766288084278,0.040744607359411766,1
-0.8483205228052325,1.5383296032761768,1
-0.32566946882017417,0.8575545824906307,1
0.47043314484648185,0.7996465199950126,1
0.3114470715541555,-0.7140461160489964,0
0.23958275985639133,1.493644087524864,1
-0.3698011663038032,1.4870153259803796,1
0.9725357891425369,0.1608705971577863,1
2.1338682472045374,1.9901213838791936,1
0.4064154936762062,-0.36475823008243236,1
-0.1931767015498399,0.9781300912109201,1
0.7557402888945426,0.7287926601098361,1
-0.53913263675299,-0.3171747888057943,0
-0.7496903447028966,1.1897026120799958,1
0.0328087476137118,2.7025701522417913,1
-2.5827966329699446,1.0676342300669197,0
-1.1539503636520094,0.5369782458909491,0
-0.34796185592084583,1.4470241568856783,1
-1.3533888581477134,1.105719995467155,0
-1.0326431018921296,1.0277621316255015,0
-0.4367483374580074,0.5744577872285519,1
-1.6429652935306092,2.4219755592924646,1
-0.4060717962598319,1.4563633634807853,1
-0.5352701645328445,0.4713293410645114,0
0.025405208385016018,0.8919961632190421,1
1.1541840304940192,0.25913329579592737,1
0.1725044164928659,0.39170884991850496,1
0.021062021342063624,0.359274275809801,1
0.09945445703071175,-0.13431159372222745,0
0.22739277512112846,1.7772769637679553,1
-1.016738648609769,0.7089585367269742,0
-0.11477532477079817,1.5541275783267698,1
0.3087512418366131,0.32987410227270353,1
-1.3707599825430605,0.9396375056076613,0
0.8656529228158533,0.2889594032088888,1
1.0813760344581897,1.7196681705373318,1
-0.6313759884493888,0.7515806932949618,1
-0.24133779145310455,0.26912641404861415,1
-0.8781903428100731,-0.6417032288097841,0
0.6993804835878171,1.2756665493407744,1
-1.0612222874459092,0.2916149476618929,0
-0.2224770102429203,0.9842207828790048,1
-0.8589199078076716,0.5082698919864723,0
0.050954277011289496,1.954189580898765,1
-1.794229271489721,1.544144752358008,0
1.3264616423656934,1.4472120874548315,1
-0.964606424206264,0.38387887667652076,0
0.05989468311627605,1.4662900435501895,1
-0.2125230447703092,2.714831608676043,1
-0.7621145119224981,0.16781396584993802,0
-0.8877801366359354,1.1723391392291889,1
0.9363985435524596,-0.6492169744171321,1
-0.5256405931019397,2.3985620921255357,1
0.2711701846373109,0.6020879014091586,1
-0.8014968853943748,1.7825788808419776,1
-0.6471814318477607,-0.723228250716323,0
0.47224715008784873,2.7975393871259047,1
0.9304084961111163,0.6431284719744015,1
-0.17531640232701995,1.5456573234700275,1
-1.4219198716404369,1.1508182063325938,0
1.9979560797500047,0.7445292138122306,1
-0.8565493082342095,2.6857923026593036,1
-1.5415873996717875,-0.6480462063661798,0
2.594424587768152,1.2987136599920088,1
-0.40403229385093714,1.9106456722299703,1
-1.4617326882614081,0.9701438783636337,0
-0.6834397667886818,0.8818292156334082,1
0.36754489602226903,0.8573122879265349,1
0.1903115575939397,-0.227636420410408,0
-0.85172919725359,1.0381273840949345,1
1.8227236001279594,1.5127175234723986,1
-0.5215796779933731,1.0685992274806606,1
-1.184686590411552,0.7277238988549194,0
0.9606933984606597,0.5102749776269733,1
1.3290628465396823,0.7207033307216278,1
-0.8174930976162265,2.2577442174960383,1
-1.4013472930393105,-1.0866349794205425,0
1.0304382674156047,1.0400714565477756,1
-2.0473236130579617,0.6722450827035833,0
-1.2266216593966155,2.455807951836843,1
0.967446150050235,1.0554922254438028,1
-0.05535254802238957,2.484925598699954,1
-0.26393734859268786,-1.123890018045559,0
0.35281660649437835,1.4595849048340561,1
-0.15277442354540868,1.2800578600376802,1
-1.2986867221630902,2.390533967073938,1
1.2760753460061875,-0.6413486088230291,1
1.3250140528868153,0.8449641918816742,1
0.2053325637779597,1.0660602617864925,1
0.045134015432010274,0.5042045054547907,1
2.339624806020058,2.2165777137429403,1
-0.2764328450158372,0.6613178145546024,1
-0.25957698183403943,3.0347625440211536,1
0.36448124924050557,2.0541779089389225,1
1.4713219561423383,1.9508336970037996,1
1.5927707544174836,1.5592989813908842,1
-0.25857263167677125,-0.06369559102554789,0
0.30833124595934525,0.568903662489243,1
-1.3780834670640771,1.572751366857216,1
-0.31197610791621294,1.6775570335877172,1
-0.8402903954793065,2.3071838450812576,1
-1.0068317522989838,0.5325589903740937,0
1.6815767162673276,0.1398466150753368,1
-0.7922866618061449,1.8591041927855305,1
-0.5316059080114549,0.19037342395988732,0
0.3658487879168582,1.8733118360704122,1
1.2978252669735855,2.199736176415038,1
0.4811151263888354,1.4561530358270554,1
2.759355114021582,0.6424209680314021,1
-0.07466797825114957,1.0410822261438795,1
0.25871644022974605,1.593465919603239,1
0.27560067398405635,1.0101855187120734,1
1.4350493867891545,3.1982963386704926,1
0.5072389511096153,0.009329069372850829,1
-0.1162297003871491,-0.00266858736979092,0
-0.9474885949068795,0.023104613264674834,0
0.24444345596163258,0.41042007745478437,1
1.4013448312919596,-1.1789315201949093,1
-0.4103817936578706,0.37034957305981875,0
0.5289436184165822,0.346715298072111,1
0.24614778868484416,1.0785140251741763,1
0.8635196583813146,1.4178005832060814,1
-0.8047537406378693,-0.2402163364077703,0
2.3466470305265617,1.9000542427640723,1
-1.2791611070282582,2.802242229790547,1
-0.3655510899860373,0.7917148969050036,1
0.9380925409056455,2.574371237475572,1
0.29673317249411335,1.1989894944051878,1
0.8299861590811032,2.9887319185953913,1
-0.49610233398256237,2.1172834656881903,1
-0.07480498268034107,-0.5639046348397663,0
0.012231983638817386,1.0186273706613556,1
1.5692596145359043,2.0543249749040777,1
0.690429024383049,1.030546581040617,1
0.7966721083646714,0.9631164691549331,1
-0.6579260925367952,2.269764750314304,1
0.9688826385630508,0.29014581785389604,1
0.22558166356880352,1.0175156132782184,1
1.3891453156779274,1.3236257646091187,1
2.014060154918468,0.6662090396464359,1
-0.30676577602700456,0.9798708961224625,1
-0.40630313044506255,1.7750232632241703,1
-0.8640449911023695,1.4328376214999938,1
-0.14357951171632055,0.19128246802046633,1
-0.3820254489503836,-0.10412398579926174,0
0.35950439957101016,0.21089781974334976,1
-0.14456681693373594,1.0012484557884866,1
-0.3615992807816198,0.8400602122429572,1
1.0645851361278518,0.16804250678287525,1
-0.9378802311514517,0.4018495474835142,0
0.43310795315134365,-0.5200392851920637,0
-0.4059417271884834,1.417853703217326,1
0.7243685048699644,0.9599812746483671,1
1.3852615467222305,-0.2597873434052702,1
-0.3030982534240727,1.0286205041877827,1
0.44103290727315136,2.342622010510353,1
0.17879286573317985,0.26006414703474034,1
-0.7994223995430966,2.3151376657209726,1
0.24078750974193844,0.6765425275165762,1
0.28912050527881217,1.197828167849868,1
0.4128708204461747,1.0977508024221854,1
-0.19839889682004574,2.4015234160052454,1
0.09419230031014657,1.1584338467855317,1
-1.1476109448431353,-0.14190141920384658,0
-0.35811407547985674,-0.31097037044121234,0
